<squeeze2upnp>
	<stream_length>-3</stream_length>
	<mode>thru</mode>
	<flac_header>1</flac_header>
	<accept_nexturi>1</accept_nexturi>
	<seek_after_pause>0</seek_after_pause>
	<codecs>dsf,dff,aif,pcm,flc,mp3,ogg,aac,alc</codecs>
	<sample_rate>48000</sample_rate>
	<send_metadata>1</send_metadata>
	<raw_audio_format>raw,wav</raw_audio_format>
	<L24_format>2</L24_format>
	<max_volume>100</max_volume>
	<send_icy>1</send_icy>
	<profile name=''></profile>
	<profile name='_safe mode'>
		<accept_nexturi>0</accept_nexturi>
		<codecs>mp3</codecs>
		<raw_audio_format>wav</raw_audio_format>
		<send_metadata>0</send_metadata>
	</profile>
	<profile name='Bose soundtouch'>
		<accept_nexturi>-1</accept_nexturi>
	</profile>
	<profile name='_normal mode'></profile>
	<profile name='Jongo S3x'>
		<stream_length>1000000000</stream_length>
		<codecs>aac,pcm,flc,mp3</codecs>
		<forced_mimetypes>audio/flac</forced_mimetypes>
	</profile>	
	<profile name='foobar 2000'>
		<forced_mimetypes>audio/aac</forced_mimetypes>
	</profile>
	<profile name='Sonos'>
		<raw_audio_format>wav,aif</raw_audio_format>
		<forced_mimetypes>audio/aac</forced_mimetypes>
	</profile>
	<profile name='Marantz'>
		<sample_rate>96000</sample_rate>
		<profile name=''></profile>	
		<L24_format>1</L24_format>
		<profile name='NR1603'></profile>	
		<profile name='CR603'>
			<codecs>aac,pcm,flc,mp3</codecs>
			<raw_audio_format>wav</raw_audio_format>
		</profile>	
	</profile>
	<profile name='M1Clic'>
		<codecs>pcm,flc,mp3</codecs>
		<sample_rate>192000</sample_rate>
		<L24_format>1</L24_format>
		<sample_rate>192000</sample_rate>
	</profile>
	<profile name='ROCKI'>
		<stream_length>-1</stream_length>
	</profile>
	<profile name='Revo'>
		<send_metadata>1</send_metadata>
		<send_coverart>0</send_coverart>
	</profile>
	<profile name='Naim Uniti2'>
		<seek_after_pause>1</seek_after_pause>
		<codecs>aac,pcm,flc,mp3</codecs>
		<sample_rate>192000</sample_rate>
	</profile>
	<profile name='XBox'>
		<stream_length>-2</stream_length>
		<codecs>pcm,mp3</codecs>
	</profile>
	<profile name='Raumfeld'>
		<codecs>pcm,flc,mp3</codecs>
	</profile>	<profile name='Roku SoundBridge'>		<stream_length>-1</stream_length>		<codecs>pcm,mp3</codecs>		<raw_audio_format>raw,wav,aiff</raw_audio_format>	</profile>
	<profile name='Pioneer'>
		<sample_rate>192000</sample_rate>
		<raw_audio_format>raw,wav,aiff</raw_audio_format>
		<profile name='N30'></profile>	
		<profile name='XW-SMA'></profile>
	</profile>
	<profile name='PlugPlayer'>
		<codecs>flc,mp3</codecs>
		<sample_rate>44100</sample_rate>
		<L24_format>0</L24_format>
	</profile>		
	<profile name='Onkyo'>
		<codecs>flc,mp3</codecs>
		<sample_rate>96000</sample_rate>
		<stream_length>-2</stream_length>
		<L24_format>1</L24_format>
	</profile>
	<profile name='PURE One Flow'>
		<codecs>aac,pcm,flc,mp3</codecs>
		<stream_length>1000000000</stream_length>
		<raw_audio_format>wav,aiff</raw_audio_format>
	</profile>
	<profile name='GGMM E5'>
		<send_metadata>0</send_metadata>
		<send_coverart>0</send_coverart>
	</profile>
	<profile name='Denon'>
		<send_coverart>1</send_coverart>
		<sample_rate>192000</sample_rate>
	</profile>		
	<profile name='JRiver'>
		<!-- no flac -->
		<codecs>dsd,dff,alc,aac,ogg,mp3,pcm</codecs>
		<!-- ogg is set as application/ogg -->
		<!-- dsf/dff are not reported and should set at dsd -->
		<forced_mimetypes>audio/ogg,audio/dsd</forced_mimetypes>
		<stream_length>-2</stream_length>
		<sample_rate>192000</sample_rate>
		<L24_format>0</L24_format>
	</profile>				
</squeeze2upnp>

